"Coin","T_Statistic","P_Value"
"DAI",-5.59144441357244,0
"TUSD",-5.03215422256826,0
"USDC",-2.94020148533501,0.0035
"USDT",-4.06227337587009,1e-04
